,User,Trial,Gesture Frequency,Self-Claimed Level,GRS,Respect for Tissue,Suture/Needle Handling,Time and Motion,Flow of Operation,Overall Performance,Quality of Final Product,Volume of Motion,80% Volume of Motion,Time to Completion,Economy of Motion
0,G,3,1,N,13,3,2,1,2,2,3,2.043042330099374,0.6586214179567786,24.533333333333335,9.090568517105547
1,H,1,1,N,14,2,2,2,3,2,3,3.534025352695885e-05,0.0028655717468924137,3.2333333333333334,0.3518798611745094
2,H,1,2,N,14,2,2,2,3,2,3,1.4421756173276055,0.2172074535467579,5.266666666666667,8.950978016171916
3,I,1,1,N,17,3,3,2,3,3,3,5.689507349044314,3.968023003194075,15.466666666666667,13.886139534694179
