,User,Trial,Gesture Frequency,Self-Claimed Level,GRS,Respect for Tissue,Suture/Needle Handling,Time and Motion,Flow of Operation,Overall Performance,Quality of Final Product,S - Volume of Motion,S - 80% Volume of Motion,S - 80% V / V Ratio,M - Volume of Motion,M - 80% Volume of Motion,M - 80% V / V Ratio,Time to Completion,S - Economy of Motion,M - Economy of Motion
0,G,3,1,N,13,3,2,1,2,2,3,2.0430423305694605,0.6586214175248937,0.3223728689661144,130.6635389778934,108.30797688158441,0.8289074192296959,24.533333333333335,9.090568517105547,69.17516120344519
1,H,1,1,N,14,2,2,2,3,2,3,3.515896316781956e-05,0.019781933964093893,562.64269994742,577.8825545535607,9.447518941225924,0.016348510379456848,3.2333333333333334,0.3518798611745094,7.674790139555692
2,H,1,2,N,14,2,2,2,3,2,3,1.442175646056656,0.21720743406269413,0.15061094302667286,2851962.9349002833,29.303417075196496,1.027482395251433e-05,5.266666666666667,8.950978016171916,18.233659692272806
3,I,1,1,N,17,3,3,2,3,3,3,5.6895073489339145,3.9680230032316923,0.6974282235482498,12.812456634410433,0.8468912893247618,0.06609905605848176,15.466666666666667,13.886139534694179,16.309793342527485
