,User,Trial,Gesture Frequency,Self-Claimed Level,GRS,Respect for Tissue,Suture/Needle Handling,Time and Motion,Flow of Operation,Overall Performance,Quality of Final Product,S - Volume of Motion,S - 80% Volume of Motion,S - 80% V / V Ratio,M - Volume of Motion,M - 80% Volume of Motion,M - 80% V / V Ratio,Time to Completion,S - Economy of Motion,M - Economy of Motion
0,G,3,1,N,13,3,2,1,2,2,3,16.208147742568965,13.424577980889884,0.8282610816553496,16.13423862390471,5.28785510049487,0.3277412231067607,24.533333333333335,34.620162796741326,18.156839067547995
1,H,1,1,N,14,2,2,2,3,2,3,133.21558930161504,1.1699731433509335,0.008782554275250647,4.845614132934442e-05,7.065404639077755e-08,0.0014581030278609983,3.2333333333333334,3.845595947222831,0.703533864289847
2,H,1,2,N,14,2,2,2,3,2,3,3.140617459982028,3.556237744920665,1.1323371248598406,11.226867197865388,1.6429024971553994,0.14633668219285353,5.266666666666667,9.124997160438216,17.892183280891263
3,I,1,1,N,17,3,3,2,3,3,3,1.9023330741073015,0.10356390965800845,0.05444047158072325,47.4540954253753,31.239416199905303,0.6583081169259953,15.466666666666667,8.17516114099259,27.72015416369933
