,User,Trial,Gesture Frequency,Self-Claimed Level,GRS,Volume of Motion,80% Volume of Motion,Time to Completion,Economy of Motion
0,G,3,1,N,13,16.208147742568965,16.208147742568965,24.533333333333335,34.620162796741326
1,H,1,1,N,14,133.21558930161504,133.21558930161504,3.2333333333333334,3.845595947222831
2,H,1,2,N,14,3.140617459982028,3.140617459982028,5.266666666666667,9.124997160438216
3,I,1,1,N,17,1.9023330741073015,1.9023330741073015,15.466666666666667,8.17516114099259
