,User,Trial,Gesture Frequency,Self-Claimed Level,GRS,Respect for Tissue,Suture/Needle Handling,Time and Motion,Flow of Operation,Overall Performance,Quality of Final Product,Volume of Motion,80% Volume of Motion,Time to Completion,Economy of Motion
0,G,3,1,N,13,3,2,1,2,2,3,2.0430423305694605,0.6586214175248937,24.533333333333335,9.090568517105547
1,H,1,1,N,14,2,2,2,3,2,3,3.515896316781956e-05,0.019781933964093893,3.2333333333333334,0.3518798611745094
2,H,1,2,N,14,2,2,2,3,2,3,1.442175646056656,0.21720743406269413,5.266666666666667,8.950978016171916
3,I,1,1,N,17,3,3,2,3,3,3,5.6895073489339145,3.9680230032316923,15.466666666666667,13.886139534694179
