,User,Trial,Gesture Frequency,Self-Claimed Level,GRS,Respect for Tissue,Suture/Needle Handling,Time and Motion,Flow of Operation,Overall Performance,Quality of Final Product,Volume of Motion,80% Volume of Motion,Time to Completion,Economy of Motion
0,G,3,1,N,13,3,2,1,2,2,3,16.208147742568965,13.424577980889884,24.533333333333335,34.620162796741326
1,H,1,1,N,14,2,2,2,3,2,3,133.21558930161504,1.1699731433509335,3.2333333333333334,3.845595947222831
2,H,1,2,N,14,2,2,2,3,2,3,3.140617459982028,3.556237744920665,5.266666666666667,9.124997160438216
3,I,1,1,N,17,3,3,2,3,3,3,1.9023330741073015,0.10356390965800845,15.466666666666667,8.17516114099259
