,User,Trial,Gesture Frequency,Self-Claimed Level,GRS,Volume of Motion,80% Volume of Motion,Time to Completion,Economy of Motion
0,G,3,1,N,13,2.0430423305694605,2.0430423305694605,24.533333333333335,9.090568517105547
1,H,1,1,N,14,3.515896316781956e-05,3.515896316781956e-05,3.2333333333333334,0.3518798611745094
2,H,1,2,N,14,1.442175646056656,1.442175646056656,5.266666666666667,8.950978016171916
3,I,1,1,N,17,5.6895073489339145,5.6895073489339145,15.466666666666667,13.886139534694179
